{
  "project_info": {
    "project_number": "515770709902",
    "firebase_url": "https://smsapp-7de14.firebaseio.com",
    "project_id": "smsapp-7de14",
    "storage_bucket": "smsapp-7de14.appspot.com"
  },
  "client": [
    {
      "client_info": {
        "mobilesdk_app_id": "1:515770709902:android:380a05ff731a4833",
        "android_client_info": {
          "package_name": "com.example.aline.promotionplan"
        }
      },
      "oauth_client": [
        {
          "client_id": "515770709902-c4p4cg6lnf3bgdv01ts2a2mcjnskgvkk.apps.googleusercontent.com",
          "client_type": 1,
          "android_info": {
            "package_name": "com.example.aline.promotionplan",
            "certificate_hash": "ea98160e66c45ffbea0e27e05d0c79e45cb2c2a8"
          }
        },
        {
          "client_id": "515770709902-go08hlo5p764n3ffbosv6vsr294ifsuv.apps.googleusercontent.com",
          "client_type": 3
        }
      ],
      "api_key": [
        {
          "current_key": "AIzaSyDa8Qoc-H3jSkYNiK4cvWfpqHnJ8VrltdU"
        }
      ],
      "services": {
        "analytics_service": {
          "status": 1
        },
        "appinvite_service": {
          "status": 2,
          "other_platform_oauth_client": [
            {
              "client_id": "515770709902-go08hlo5p764n3ffbosv6vsr294ifsuv.apps.googleusercontent.com",
              "client_type": 3
            }
          ]
        },
        "ads_service": {
          "status": 2
        }
      }
    }
  ],
  "configuration_version": "1"
}